"原裝固鎖、軸心","分類 (Category)","圖片網址 (Img)","階級 (Tier)","","","","","","","","","","","2026/05/22 0:45",""
"0-60","ratchet","https://i.ibb.co/CNQcsDf/RC-PRD-097242-00.webp","A","","","","","","","","","","","",""
"0-70","ratchet","https://i.ibb.co/ks17XmFj/RC-PRD-085683-01.webp","B","","","","","","","","","","","",""
"0-80","ratchet","https://i.ibb.co/Y5y8mYT/RC-PRD-100001-01.webp","B","","","","","","","","","","","",""
"1-50","ratchet","https://i.ibb.co/LDcqNgs6/RC-PRD-072447-00.webp","X","","","","","","","","","","","",""
"1-60","ratchet","https://i.ibb.co/S4v6vKYq/RC-PRD-305725-01.webp","S","","","","","","","","","","","",""
"1-70","ratchet","https://i.ibb.co/6cWS1KbX/RC-PRD-085683-02.webp","S","","","","","","","","","","","",""
"1-80","ratchet","https://i.ibb.co/pv1WbSQX/RC-PRD-305718-02.webp","D","","","","","","","","","","","",""
"2-60","ratchet","https://i.ibb.co/Sw53PftL/RC-PRD-914563-00.webp","E","","","","","","","","","","","",""
"2-70","ratchet","https://i.ibb.co/6JBNgF3m/RC-PRD-993773-00.webp","E","","","","","","","","","","","",""
"2-80","ratchet","https://i.ibb.co/fV2xdjHX/RC-PRD-096092-05.webp","E","","","","","","","","","","","",""
"3-60","ratchet","https://i.ibb.co/Hf6SBgmD/RC-PRD-910381-00.webp","X","","","","","","","","","","","",""
"3-70","ratchet","https://i.ibb.co/5DqNTjL/RC-PRD-914570-03.webp","B","","","","","","","","","","","",""
"3-80","ratchet","https://i.ibb.co/1Yz5c1ZR/RC-PRD-305732-02.webp","D","","","","","","","","","","","",""
"3-85","ratchet","https://i.ibb.co/1jsfKXB/RC-PRD-096092-04.webp","D","","","","","","","","","","","",""
"4-50","ratchet","https://i.ibb.co/SXwG59JW/RC-PRD-096122-00.webp","S","","","","","","","","","","","",""
"4-55","ratchet","https://i.ibb.co/b5tknBDf/RC-PRD-989002-02.webp","C","","","","","","","","","","","",""
"4-60","ratchet","https://i.ibb.co/q3R69FMy/RC-PRD-305732-01.webp","A","","","","","","","","","","","",""
"4-70","ratchet","https://i.ibb.co/TDMwLcSR/RC-PRD-305718-01.webp","D","","","","","","","","","","","",""
"4-80","ratchet","https://i.ibb.co/8gn78PWr/RC-PRD-305749-01.webp","E","","","","","","","","","","","",""
"5-60","ratchet","https://i.ibb.co/S7B7ktcr/RC-PRD-913030-00.webp","S","","","","","","","","","","","",""
"5-70","ratchet","https://i.ibb.co/hx4tBvKV/RC-PRD-305749-02.webp","C","","","","","","","","","","","",""
"5-80","ratchet","https://i.ibb.co/Y71N9MCR/RC-PRD-912972-01.webp","E","","","","","","","","","","","",""
"6-60","ratchet","https://i.ibb.co/gZyzx0Rf/RC-PRD-939597-00.webp","S","","","","","","","","","","","",""
"6-70","ratchet","https://i.ibb.co/YBRR0gBq/RC-PRD-939580-00.webp","C","","","","","","","","","","","",""
"6-80","ratchet","https://i.ibb.co/4g5HcBfr/RC-PRD-957492-00.webp","D","","","","","","","","","","","",""
"7-55","ratchet","https://i.ibb.co/3y5xGdgc/RC-PRD-097167-01.webp","A","","","","","","","","","","","",""
"7-60","ratchet","https://i.ibb.co/mVxhG1RP/RC-PRD-096092-03.webp","X","","","","","","","","","","","",""
"7-70","ratchet","https://i.ibb.co/53nmJcY/RC-PRD-997610-02.webp","A","","","","","","","","","","","",""
"7-80","ratchet","https://i.ibb.co/FL7jBGry/RC-PRD-939511-01.webp","B","","","","","","","","","","","",""
"8-70","ratchet","https://i.ibb.co/6J4xmV7k/RC-PRD-097266-00.webp","A","","","","","","","","","","","",""
"8-80","ratchet","https://i.ibb.co/BHsjN51n/ratchet-UX-21-03-8-80-RC-PRD-085546-03.webp","-","","","","","","","","","","","",""
"9-60","ratchet","https://i.ibb.co/JRKGkFMb/RC-PRD-982128-00.webp","X","","","","","","","","","","","",""
"9-65","ratchet","https://i.ibb.co/hxXTHhHk/RC-PRD-096146-03.webp","C","","","","","","","","","","","",""
"9-70","ratchet","https://i.ibb.co/hzHMRL7/RC-PRD-956969-01.webp","S","","","","","","","","","","","",""
"9-80","ratchet","https://i.ibb.co/TBnyYjNm/RC-PRD-305725-02.webp","B","","","","","","","","","","","",""
"輔助A","assist","https://i.ibb.co/J46y2jN/AB-PRD-930495-00.webp","D","","","","","","","","","","","",""
"輔助B","assist","https://i.ibb.co/4gN9wBGp/AB-PRD-085683-01.webp","D","","","","","","","","","","","",""
"輔助C","assist","https://i.ibb.co/Sw6KHqwk/AB-PRD-939627-02.webp","D","","","","","","","","","","","",""
"輔助D","assist","https://i.ibb.co/zHCTnyRn/AB-PRD-995678-00.webp","D","","","","","","","","","","","",""
"輔助E","assist","https://i.ibb.co/bMrcwxsB/AB-EVE-088899-00.webp","C","","","","","","","","","","","",""
"輔助F","assist","https://i.ibb.co/8g8Q0pTM/AB-PRD-097242-00.webp","A","","","","","","","","","","","",""
"輔助G","assist","https://i.ibb.co/gb7nxyBH/AB-PRD-100003-00.webp","A","","","","","","","","","","","",""
"輔助H","assist","https://i.ibb.co/RkFJN99P/AB-PRD-098775-01.webp","X","","","","","","","","","","","",""
"輔助J","assist","https://i.ibb.co/RkHcPyKV/AB-PRD-993889-00.webp","A","","","","","","","","","","","",""
"輔助K","assist","https://i.ibb.co/7tXdDbyk/AB-PRD-072447-00.webp","B","","","","","","","","","","","",""
"輔助M","assist","https://i.ibb.co/8DzkVyNY/AB-PRD-956983-02.webp","D","","","","","","","","","","","",""
"輔助O","assist","https://i.ibb.co/nSKQy2V/AB-PRD-096146-01.webp","E","","","","","","","","","","","",""
"輔助R","assist","https://i.ibb.co/hFrN9b1W/AB-PRD-930907-00.webp","E","","","","","","","","","","","",""
"輔助S","assist","https://i.ibb.co/SDDTnTTj/AB-PRD-993872-00.webp","B","","","","","","","","","","","",""
"輔助T","assist","https://i.ibb.co/7JV9VPN6/AB-PRD-994350-00.webp","C","","","","","","","","","","","",""
"輔助V","assist","https://i.ibb.co/tPNXjsHy/AB-PRD-097266-00.webp","C","","","","","","","","","","","",""
"輔助W","assist","https://i.ibb.co/XZx4mKd3/image.webp","X","","","","","","","","","","","",""
"輔助Z","assist","https://i.ibb.co/zVFrNL8L/AB-PRD-096153-00.webp","C","","","","","","","","","","","",""
"A","bit","https://i.ibb.co/67P0pKRr/BT-PRD-941460-00.webp","C","","","","","","","","","","","",""
"B","bit","https://i.ibb.co/d09xtc04/BT-PRD-910497-00.webp","X","","","","","","","","","","","",""
"BS","bit","https://i.ibb.co/SXT4QDtC/BT-PRD-939528-00.webp","E","","","","","","","","","","","",""
"C","bit","https://i.ibb.co/35VFMDzD/BT-PRD-914563-00.webp","C","","","","","","","","","","","",""
"D","bit","https://i.ibb.co/fdqdcBXD/BT-PRD-914570-01.webp","B","","","","","","","","","","","",""
"DB","bit","https://i.ibb.co/JNqbHNS/BT-PRD-953654-00.webp","D","","","","","","","","","","","",""
"DS","bit","https://i.ibb.co/TBBBdBhB/BT-PRD-100001-01.webp","-","","","","","","","","","","","",""
"E","bit","https://i.ibb.co/gbd3zYWz/BT-PRD-914617-01.webp","X","","","","","","","","","","","",""
"F","bit","https://i.ibb.co/zdJJwwW/BT-PRD-910381-00.webp","A","","","","","","","","","","","",""
"FB","bit","https://i.ibb.co/gLb9pz2p/BT-PRD-098775-03.webp","X","","","","","","","","","","","",""
"FF","bit","https://i.ibb.co/GQddSgB5/BT-PRD-096122-00.webp","A","","","","","","","","","","","",""
"G","bit","https://i.ibb.co/hxDv2wrP/BT-PRD-914594-01.webp","D","","","","","","","","","","","",""
"GB","bit","https://i.ibb.co/LhCn6cvc/BT-PRD-305718-01.webp","D","","","","","","","","","","","",""
"GF","bit","https://i.ibb.co/b5RxD0dB/BT-PRD-913092-00.webp","D","","","","","","","","","","","",""
"GN","bit","https://i.ibb.co/HTTS6Wc8/BT-PRD-914600-00.webp","E","","","","","","","","","","","",""
"GP","bit","https://i.ibb.co/35p4JG5F/BT-PRD-914464-00.webp","C","","","","","","","","","","","",""
"GR","bit","https://i.ibb.co/FqXbgtHT/BT-PRD-956969-01.webp","B","","","","","","","","","","","",""
"GU","bit","https://i.ibb.co/yBFktZKg/BT-PRD-096146-01.webp","A","","","","","","","","","","","",""
"H","bit","https://i.ibb.co/5W3hBwnr/BT-PRD-914570-05.webp","X","","","","","","","","","","","",""
"HN","bit","https://i.ibb.co/WNspkVQX/BT-PRD-910565-00.webp","B","","","","","","","","","","","",""
"HT","bit","https://i.ibb.co/0y12LzKG/BT-PRD-305725-02.webp","D","","","","","","","","","","","",""
"I","bit","https://i.ibb.co/NgmzmqX2/BT-PRD-097259-00.webp","C","","","","","","","","","","","",""
"J","bit","https://i.ibb.co/spsTd1d3/BT-PRD-997627-00.webp","S","","","","","","","","","","","",""
"K","bit","https://i.ibb.co/JWbHX56V/BT-PRD-939627-04.webp","X","","","","","","","","","","","",""
"L","bit","https://i.ibb.co/TD7DLkR9/BT-PRD-939535-00.webp","X","","","","","","","","","","","",""
"LF","bit","https://i.ibb.co/CZjVzD3/BT-PRD-912965-05.webp","A","","","","","","","","","","","",""
"LO","bit","https://i.ibb.co/B2r1q1B9/BT-PRD-930907-00.webp","S","","","","","","","","","","","",""
"LR","bit","https://i.ibb.co/84jtp7V7/BT-PRD-939559-00.webp","X","","","","","","","","","","","",""
"M","bit","https://i.ibb.co/rRRWGK0j/BT-PRD-939580-00.webp","E","","","","","","","","","","","",""
"M-85","ratchet","https://i.ibb.co/r84YMht/RC-PRD-939528-00.webp","C","","","","","","","","","","","",""
"MN","bit","https://i.ibb.co/b06bnWt/BT-PRD-956983-04.webp","E","","","","","","","","","","","",""
"N","bit","https://i.ibb.co/skPxz54/BT-PRD-910404-00.webp","E","","","","","","","","","","","",""
"NR","bit","https://i.ibb.co/k64nLpVS/image.png","A","","","","","","","","","","","",""
"Nr","bit","https://i.ibb.co/YF0r6F3B/BT-PRD-096177-01.webp","S","","","","","","","","","","","",""
"O","bit","https://i.ibb.co/bMP9BGLB/BT-PRD-912972-01.webp","A","","","","","","","","","","","",""
"OP","bit","https://i.ibb.co/9kyDzPDT/image.png","A","","","","","","","","","","","",""
"P","bit","https://i.ibb.co/8g692mj8/BT-PRD-980841-02.webp","A","","","","","","","","","","","",""
"Q","bit","https://i.ibb.co/LddNyspT/BT-PRD-914532-01.webp","E","","","","","","","","","","","",""
"R","bit","https://i.ibb.co/4wJKmZFp/BT-PRD-305718-02.webp","X","","","","","","","","","","","",""
"RA","bit","https://i.ibb.co/kbtyW4j/BT-PRD-946816-01.webp","E","","","","","","","","","","","",""
"S","bit","https://i.ibb.co/hhvNw09/BT-PRD-913061-00.webp","D","","","","","","","","","","","",""
"T","bit","https://i.ibb.co/VYyhmJQ5/BT-PRD-910398-00.webp","S","","","","","","","","","","","",""
"TK","bit","https://i.ibb.co/DP2gdCb6/BT-PRD-995678-00.webp","B","","","","","","","","","","","",""
"TP","bit","https://i.ibb.co/99n11Swy/BT-PRD-939504-00.webp","C","","","","","","","","","","","",""
"Tr","bit","https://i.ibb.co/m5tyNsjb/BT-PRD-930495-00.webp","E","","","","","","","","","","","",""
"U","bit","https://i.ibb.co/99kvXbQ5/BT-PRD-914556-00.webp","A","","","","","","","","","","","",""
"UF","bit","https://i.ibb.co/CKSBthC9/BT-PRD-982432-01.webp","S","","","","","","","","","","","",""
"UN","bit","https://i.ibb.co/0SHZ0Sn/BT-PRD-097266-00.webp","S","","","","","","","","","","","",""
"V","bit","https://i.ibb.co/XZmBgtjK/BT-PRD-939597-00.webp","D","","","","","","","","","","","",""
"W","bit","https://i.ibb.co/21VVVP2D/BT-EVE-958772-03.webp","S","","","","","","","","","","","",""
"WB","bit","https://i.ibb.co/dJkDfpfK/BT-PRD-956983-01.webp","B","","","","","","","","","","","",""
"WW","bit","https://i.ibb.co/PsXbxB2x/BT-PRD-096153-00.webp","C","","","","","","","","","","","",""
"Y","bit","https://i.ibb.co/nqncxxrS/BT-EVE-088899-00.webp","B","","","","","","","","","","","",""
"Z","bit","https://i.ibb.co/F4v6h2Qx/BT-PRD-080558-00.webp","C","","","","","","","","","","","",""
"Op","bit","https://i.ibb.co/Zzqc6P5g/BT-PRD-098775-01.webp","","","","","","","","","","","","",""